#,TaxaId,Species,gene_locus,Protein Name,Model,E_score,NE_score,Decision,NTseq,AAseq
1,T01187,Streptomyces scabiei,SCAB_68511,trpA,DeeplyCore,0.514,0.487,E,GTGAGCGGCAACATCCAGCTGTTGGGCGACACCCTCGCCGCCGCCAAGGCGGAGGGCCGGTCCGCGCTCATCGCCTATCTGCCGGCCGGGTTCCCGACGGTCGACGGCGGCATCGCCGCGATCAAGGCGGTCTTCGAGGGCGGCGCCGACGTCGTCGAGGTCGGGCTGCCGCACAGCGACCCCGTCCTCGACGGACCCGTCATCCAGACCGCCGACGACATCGCCCTGCGCGGCGGTGTCAAGATCGCGGACGTGATGCGGACGGTCCGGGAGGCGTTCGAGGCCACCGGCAAGCCCGTCCTCGTCATGACGTACTGGAACCCCATCGACCGCTACGGCGTCGAGCGTTTCACGGCCGAGCTGGCCGAGGCGGGCGGCGCGGGCTGCATCCTGCCCGACCTGCCCGTCCAGGAGTCGGCGCTGTGGAGGGAGCACGCCGAGAAGCACGGCCTCGGCACGGTCTTCGTCGTCGCGCCCAGCAGCAGGGACGCCCGGCTCGCCGAGATCACCGCGGCGGGCAGCGGCTTCGTCTACGCCGCCTCGCTGATGGGGGTCACCGGCACCCGGGAGTCGGTGGGCGCGCAGGCCCAGGACCTGGTGGAACGGACCCGGGCCACGGGCTCCGGCCTGCCGGTCTGCGTCGGTCTCGGCGTCTCCAACGCCGAGCAGGCCGCCGAGGTCGCCGGGTTCGCCGACGGCGTGATCGTCGGCTCCGCGTTCGTGAAGCTGATGCTGGACGCCCCCGACGAGGCGGCCGGCCTGGAGGCCGTCCGGGACCTCGCGGGAGACCTCGCCAAGGGTGTGCGCCGGGGCGTGTGA,MSGNIQLLGDTLAAAKAEGRSALIAYLPAGFPTVDGGIAAIKAVFEGGADVVEVGLPHSDPVLDGPVIQTADDIALRGGVKIADVMRTVREAFEATGKPVLVMTYWNPIDRYGVERFTAELAEAGGAGCILPDLPVQESALWREHAEKHGLGTVFVVAPSSRDARLAEITAAGSGFVYAASLMGVTGTRESVGAQAQDLVERTRATGSGLPVCVGLGVSNAEQAAEVAGFADGVIVGSAFVKLMLDAPDEAAGLEAVRDLAGDLAKGVRRGV
2,T01187,Streptomyces scabiei,SCAB_68511,trpA,SGSv0.1,0.613,0.386,E,GTGAGCGGCAACATCCAGCTGTTGGGCGACACCCTCGCCGCCGCCAAGGCGGAGGGCCGGTCCGCGCTCATCGCCTATCTGCCGGCCGGGTTCCCGACGGTCGACGGCGGCATCGCCGCGATCAAGGCGGTCTTCGAGGGCGGCGCCGACGTCGTCGAGGTCGGGCTGCCGCACAGCGACCCCGTCCTCGACGGACCCGTCATCCAGACCGCCGACGACATCGCCCTGCGCGGCGGTGTCAAGATCGCGGACGTGATGCGGACGGTCCGGGAGGCGTTCGAGGCCACCGGCAAGCCCGTCCTCGTCATGACGTACTGGAACCCCATCGACCGCTACGGCGTCGAGCGTTTCACGGCCGAGCTGGCCGAGGCGGGCGGCGCGGGCTGCATCCTGCCCGACCTGCCCGTCCAGGAGTCGGCGCTGTGGAGGGAGCACGCCGAGAAGCACGGCCTCGGCACGGTCTTCGTCGTCGCGCCCAGCAGCAGGGACGCCCGGCTCGCCGAGATCACCGCGGCGGGCAGCGGCTTCGTCTACGCCGCCTCGCTGATGGGGGTCACCGGCACCCGGGAGTCGGTGGGCGCGCAGGCCCAGGACCTGGTGGAACGGACCCGGGCCACGGGCTCCGGCCTGCCGGTCTGCGTCGGTCTCGGCGTCTCCAACGCCGAGCAGGCCGCCGAGGTCGCCGGGTTCGCCGACGGCGTGATCGTCGGCTCCGCGTTCGTGAAGCTGATGCTGGACGCCCCCGACGAGGCGGCCGGCCTGGAGGCCGTCCGGGACCTCGCGGGAGACCTCGCCAAGGGTGTGCGCCGGGGCGTGTGA,MSGNIQLLGDTLAAAKAEGRSALIAYLPAGFPTVDGGIAAIKAVFEGGADVVEVGLPHSDPVLDGPVIQTADDIALRGGVKIADVMRTVREAFEATGKPVLVMTYWNPIDRYGVERFTAELAEAGGAGCILPDLPVQESALWREHAEKHGLGTVFVVAPSSRDARLAEITAAGSGFVYAASLMGVTGTRESVGAQAQDLVERTRATGSGLPVCVGLGVSNAEQAAEVAGFADGVIVGSAFVKLMLDAPDEAAGLEAVRDLAGDLAKGVRRGV
3,T01187,Streptomyces scabiei,SCAB_68511,trpA,DeeplyHE,0.766,0.233,E,GTGAGCGGCAACATCCAGCTGTTGGGCGACACCCTCGCCGCCGCCAAGGCGGAGGGCCGGTCCGCGCTCATCGCCTATCTGCCGGCCGGGTTCCCGACGGTCGACGGCGGCATCGCCGCGATCAAGGCGGTCTTCGAGGGCGGCGCCGACGTCGTCGAGGTCGGGCTGCCGCACAGCGACCCCGTCCTCGACGGACCCGTCATCCAGACCGCCGACGACATCGCCCTGCGCGGCGGTGTCAAGATCGCGGACGTGATGCGGACGGTCCGGGAGGCGTTCGAGGCCACCGGCAAGCCCGTCCTCGTCATGACGTACTGGAACCCCATCGACCGCTACGGCGTCGAGCGTTTCACGGCCGAGCTGGCCGAGGCGGGCGGCGCGGGCTGCATCCTGCCCGACCTGCCCGTCCAGGAGTCGGCGCTGTGGAGGGAGCACGCCGAGAAGCACGGCCTCGGCACGGTCTTCGTCGTCGCGCCCAGCAGCAGGGACGCCCGGCTCGCCGAGATCACCGCGGCGGGCAGCGGCTTCGTCTACGCCGCCTCGCTGATGGGGGTCACCGGCACCCGGGAGTCGGTGGGCGCGCAGGCCCAGGACCTGGTGGAACGGACCCGGGCCACGGGCTCCGGCCTGCCGGTCTGCGTCGGTCTCGGCGTCTCCAACGCCGAGCAGGCCGCCGAGGTCGCCGGGTTCGCCGACGGCGTGATCGTCGGCTCCGCGTTCGTGAAGCTGATGCTGGACGCCCCCGACGAGGCGGCCGGCCTGGAGGCCGTCCGGGACCTCGCGGGAGACCTCGCCAAGGGTGTGCGCCGGGGCGTGTGA,MSGNIQLLGDTLAAAKAEGRSALIAYLPAGFPTVDGGIAAIKAVFEGGADVVEVGLPHSDPVLDGPVIQTADDIALRGGVKIADVMRTVREAFEATGKPVLVMTYWNPIDRYGVERFTAELAEAGGAGCILPDLPVQESALWREHAEKHGLGTVFVVAPSSRDARLAEITAAGSGFVYAASLMGVTGTRESVGAQAQDLVERTRATGSGLPVCVGLGVSNAEQAAEVAGFADGVIVGSAFVKLMLDAPDEAAGLEAVRDLAGDLAKGVRRGV
4,T01187,Streptomyces scabiei,SCAB_68511,trpA,SRB-DeeplyCore,0.202,0.8,NE,GTGAGCGGCAACATCCAGCTGTTGGGCGACACCCTCGCCGCCGCCAAGGCGGAGGGCCGGTCCGCGCTCATCGCCTATCTGCCGGCCGGGTTCCCGACGGTCGACGGCGGCATCGCCGCGATCAAGGCGGTCTTCGAGGGCGGCGCCGACGTCGTCGAGGTCGGGCTGCCGCACAGCGACCCCGTCCTCGACGGACCCGTCATCCAGACCGCCGACGACATCGCCCTGCGCGGCGGTGTCAAGATCGCGGACGTGATGCGGACGGTCCGGGAGGCGTTCGAGGCCACCGGCAAGCCCGTCCTCGTCATGACGTACTGGAACCCCATCGACCGCTACGGCGTCGAGCGTTTCACGGCCGAGCTGGCCGAGGCGGGCGGCGCGGGCTGCATCCTGCCCGACCTGCCCGTCCAGGAGTCGGCGCTGTGGAGGGAGCACGCCGAGAAGCACGGCCTCGGCACGGTCTTCGTCGTCGCGCCCAGCAGCAGGGACGCCCGGCTCGCCGAGATCACCGCGGCGGGCAGCGGCTTCGTCTACGCCGCCTCGCTGATGGGGGTCACCGGCACCCGGGAGTCGGTGGGCGCGCAGGCCCAGGACCTGGTGGAACGGACCCGGGCCACGGGCTCCGGCCTGCCGGTCTGCGTCGGTCTCGGCGTCTCCAACGCCGAGCAGGCCGCCGAGGTCGCCGGGTTCGCCGACGGCGTGATCGTCGGCTCCGCGTTCGTGAAGCTGATGCTGGACGCCCCCGACGAGGCGGCCGGCCTGGAGGCCGTCCGGGACCTCGCGGGAGACCTCGCCAAGGGTGTGCGCCGGGGCGTGTGA,MSGNIQLLGDTLAAAKAEGRSALIAYLPAGFPTVDGGIAAIKAVFEGGADVVEVGLPHSDPVLDGPVIQTADDIALRGGVKIADVMRTVREAFEATGKPVLVMTYWNPIDRYGVERFTAELAEAGGAGCILPDLPVQESALWREHAEKHGLGTVFVVAPSSRDARLAEITAAGSGFVYAASLMGVTGTRESVGAQAQDLVERTRATGSGLPVCVGLGVSNAEQAAEVAGFADGVIVGSAFVKLMLDAPDEAAGLEAVRDLAGDLAKGVRRGV
5,T01187,Streptomyces scabiei,SCAB_68511,trpA,SRB-SGSv0.1,0.417,0.58,NE,GTGAGCGGCAACATCCAGCTGTTGGGCGACACCCTCGCCGCCGCCAAGGCGGAGGGCCGGTCCGCGCTCATCGCCTATCTGCCGGCCGGGTTCCCGACGGTCGACGGCGGCATCGCCGCGATCAAGGCGGTCTTCGAGGGCGGCGCCGACGTCGTCGAGGTCGGGCTGCCGCACAGCGACCCCGTCCTCGACGGACCCGTCATCCAGACCGCCGACGACATCGCCCTGCGCGGCGGTGTCAAGATCGCGGACGTGATGCGGACGGTCCGGGAGGCGTTCGAGGCCACCGGCAAGCCCGTCCTCGTCATGACGTACTGGAACCCCATCGACCGCTACGGCGTCGAGCGTTTCACGGCCGAGCTGGCCGAGGCGGGCGGCGCGGGCTGCATCCTGCCCGACCTGCCCGTCCAGGAGTCGGCGCTGTGGAGGGAGCACGCCGAGAAGCACGGCCTCGGCACGGTCTTCGTCGTCGCGCCCAGCAGCAGGGACGCCCGGCTCGCCGAGATCACCGCGGCGGGCAGCGGCTTCGTCTACGCCGCCTCGCTGATGGGGGTCACCGGCACCCGGGAGTCGGTGGGCGCGCAGGCCCAGGACCTGGTGGAACGGACCCGGGCCACGGGCTCCGGCCTGCCGGTCTGCGTCGGTCTCGGCGTCTCCAACGCCGAGCAGGCCGCCGAGGTCGCCGGGTTCGCCGACGGCGTGATCGTCGGCTCCGCGTTCGTGAAGCTGATGCTGGACGCCCCCGACGAGGCGGCCGGCCTGGAGGCCGTCCGGGACCTCGCGGGAGACCTCGCCAAGGGTGTGCGCCGGGGCGTGTGA,MSGNIQLLGDTLAAAKAEGRSALIAYLPAGFPTVDGGIAAIKAVFEGGADVVEVGLPHSDPVLDGPVIQTADDIALRGGVKIADVMRTVREAFEATGKPVLVMTYWNPIDRYGVERFTAELAEAGGAGCILPDLPVQESALWREHAEKHGLGTVFVVAPSSRDARLAEITAAGSGFVYAASLMGVTGTRESVGAQAQDLVERTRATGSGLPVCVGLGVSNAEQAAEVAGFADGVIVGSAFVKLMLDAPDEAAGLEAVRDLAGDLAKGVRRGV
6,T01187,Streptomyces scabiei,SCAB_68511,trpA,SRB-DeeplyHE,0.506,0.499,E,GTGAGCGGCAACATCCAGCTGTTGGGCGACACCCTCGCCGCCGCCAAGGCGGAGGGCCGGTCCGCGCTCATCGCCTATCTGCCGGCCGGGTTCCCGACGGTCGACGGCGGCATCGCCGCGATCAAGGCGGTCTTCGAGGGCGGCGCCGACGTCGTCGAGGTCGGGCTGCCGCACAGCGACCCCGTCCTCGACGGACCCGTCATCCAGACCGCCGACGACATCGCCCTGCGCGGCGGTGTCAAGATCGCGGACGTGATGCGGACGGTCCGGGAGGCGTTCGAGGCCACCGGCAAGCCCGTCCTCGTCATGACGTACTGGAACCCCATCGACCGCTACGGCGTCGAGCGTTTCACGGCCGAGCTGGCCGAGGCGGGCGGCGCGGGCTGCATCCTGCCCGACCTGCCCGTCCAGGAGTCGGCGCTGTGGAGGGAGCACGCCGAGAAGCACGGCCTCGGCACGGTCTTCGTCGTCGCGCCCAGCAGCAGGGACGCCCGGCTCGCCGAGATCACCGCGGCGGGCAGCGGCTTCGTCTACGCCGCCTCGCTGATGGGGGTCACCGGCACCCGGGAGTCGGTGGGCGCGCAGGCCCAGGACCTGGTGGAACGGACCCGGGCCACGGGCTCCGGCCTGCCGGTCTGCGTCGGTCTCGGCGTCTCCAACGCCGAGCAGGCCGCCGAGGTCGCCGGGTTCGCCGACGGCGTGATCGTCGGCTCCGCGTTCGTGAAGCTGATGCTGGACGCCCCCGACGAGGCGGCCGGCCTGGAGGCCGTCCGGGACCTCGCGGGAGACCTCGCCAAGGGTGTGCGCCGGGGCGTGTGA,MSGNIQLLGDTLAAAKAEGRSALIAYLPAGFPTVDGGIAAIKAVFEGGADVVEVGLPHSDPVLDGPVIQTADDIALRGGVKIADVMRTVREAFEATGKPVLVMTYWNPIDRYGVERFTAELAEAGGAGCILPDLPVQESALWREHAEKHGLGTVFVVAPSSRDARLAEITAAGSGFVYAASLMGVTGTRESVGAQAQDLVERTRATGSGLPVCVGLGVSNAEQAAEVAGFADGVIVGSAFVKLMLDAPDEAAGLEAVRDLAGDLAKGVRRGV
7,T01144,Rothia mucilaginosa,RMDY18_08290,trpA,DeeplyCore,0.516,0.484,E,ATGAGCTACCAGGACGCTATTTCTCAGGCGGCACCTTTTACGGTGCTGGATGGTTCTTTCCCCGCTCCGAATGCGCAGTCGCCTCTGGCGGCTCGTCTGGCTGAGTGCGAGAAGCAGGGCCGTGCGGCGCTGATTGGCTACCTGCCGGTGGGCTTCCCGACCCTGGACGAGTCGATTGACGCGGCGATTGCTCTGGGCAATAACGGCGCGGACATTATTGAGCTGGGCGTGCCTTATTCTGATCCGGTCATGGATGGCCCGGTGATTCAGAAGGCTACCGGCGTGGCGCTGGAGAACGGTTTCAAGCTTCCTCAGCTGTTTGAGGCGGTCCGCCGCATTACCGAGGCGACCGACGCGGTGGTTGTCGTGATGACGTACTGGAACCCGGTTCTGGCGTACGGTGTGAAGAATTTTGCGCGTGATTTGGCGGCTGCCGGCGGTGCGGGCATGATTACCCCGGACCTGGTGCCTGATGAGGCGTCGTCGTGGTTTGAAGCTTCTGATGAGTACGGTCTGGACCGTATTTTCTTGGCTGCTCTGTCTTCTTCGCCGGAGCGTCTGGCGACTATTGCGAAGGCGTCGAGCGGCTTCGTGTACGCCGTGTCGGTGATGGGCGTGACCGGTGCCCGCACCTCCGTGTCGGAGGCGGCTCGCACCCTGGTTGCGGACATTAAGGCTGCCGGTGCGCCTCGTGCGTGCGTGGGTCTGGGCGTTTCGACTCGTGCCCACGTTGAGGAGATTGGCGAGTATGCGGACGGCGTGATTGTCGGTACTGCGCTAGTGAAGGCTTTGGCTTCTGGCGGTGTTGAGGCGGTGGCTAAGCTGACCCGTGAGCTGGCGGGGCGTGAAGGCTAA,MSYQDAISQAAPFTVLDGSFPAPNAQSPLAARLAECEKQGRAALIGYLPVGFPTLDESIDAAIALGNNGADIIELGVPYSDPVMDGPVIQKATGVALENGFKLPQLFEAVRRITEATDAVVVVMTYWNPVLAYGVKNFARDLAAAGGAGMITPDLVPDEASSWFEASDEYGLDRIFLAALSSSPERLATIAKASSGFVYAVSVMGVTGARTSVSEAARTLVADIKAAGAPRACVGLGVSTRAHVEEIGEYADGVIVGTALVKALASGGVEAVAKLTRELAGREG
8,T01144,Rothia mucilaginosa,RMDY18_08290,trpA,SGSv0.1,0.613,0.387,E,ATGAGCTACCAGGACGCTATTTCTCAGGCGGCACCTTTTACGGTGCTGGATGGTTCTTTCCCCGCTCCGAATGCGCAGTCGCCTCTGGCGGCTCGTCTGGCTGAGTGCGAGAAGCAGGGCCGTGCGGCGCTGATTGGCTACCTGCCGGTGGGCTTCCCGACCCTGGACGAGTCGATTGACGCGGCGATTGCTCTGGGCAATAACGGCGCGGACATTATTGAGCTGGGCGTGCCTTATTCTGATCCGGTCATGGATGGCCCGGTGATTCAGAAGGCTACCGGCGTGGCGCTGGAGAACGGTTTCAAGCTTCCTCAGCTGTTTGAGGCGGTCCGCCGCATTACCGAGGCGACCGACGCGGTGGTTGTCGTGATGACGTACTGGAACCCGGTTCTGGCGTACGGTGTGAAGAATTTTGCGCGTGATTTGGCGGCTGCCGGCGGTGCGGGCATGATTACCCCGGACCTGGTGCCTGATGAGGCGTCGTCGTGGTTTGAAGCTTCTGATGAGTACGGTCTGGACCGTATTTTCTTGGCTGCTCTGTCTTCTTCGCCGGAGCGTCTGGCGACTATTGCGAAGGCGTCGAGCGGCTTCGTGTACGCCGTGTCGGTGATGGGCGTGACCGGTGCCCGCACCTCCGTGTCGGAGGCGGCTCGCACCCTGGTTGCGGACATTAAGGCTGCCGGTGCGCCTCGTGCGTGCGTGGGTCTGGGCGTTTCGACTCGTGCCCACGTTGAGGAGATTGGCGAGTATGCGGACGGCGTGATTGTCGGTACTGCGCTAGTGAAGGCTTTGGCTTCTGGCGGTGTTGAGGCGGTGGCTAAGCTGACCCGTGAGCTGGCGGGGCGTGAAGGCTAA,MSYQDAISQAAPFTVLDGSFPAPNAQSPLAARLAECEKQGRAALIGYLPVGFPTLDESIDAAIALGNNGADIIELGVPYSDPVMDGPVIQKATGVALENGFKLPQLFEAVRRITEATDAVVVVMTYWNPVLAYGVKNFARDLAAAGGAGMITPDLVPDEASSWFEASDEYGLDRIFLAALSSSPERLATIAKASSGFVYAVSVMGVTGARTSVSEAARTLVADIKAAGAPRACVGLGVSTRAHVEEIGEYADGVIVGTALVKALASGGVEAVAKLTRELAGREG
9,T01144,Rothia mucilaginosa,RMDY18_08290,trpA,DeeplyHE,0.753,0.247,E,ATGAGCTACCAGGACGCTATTTCTCAGGCGGCACCTTTTACGGTGCTGGATGGTTCTTTCCCCGCTCCGAATGCGCAGTCGCCTCTGGCGGCTCGTCTGGCTGAGTGCGAGAAGCAGGGCCGTGCGGCGCTGATTGGCTACCTGCCGGTGGGCTTCCCGACCCTGGACGAGTCGATTGACGCGGCGATTGCTCTGGGCAATAACGGCGCGGACATTATTGAGCTGGGCGTGCCTTATTCTGATCCGGTCATGGATGGCCCGGTGATTCAGAAGGCTACCGGCGTGGCGCTGGAGAACGGTTTCAAGCTTCCTCAGCTGTTTGAGGCGGTCCGCCGCATTACCGAGGCGACCGACGCGGTGGTTGTCGTGATGACGTACTGGAACCCGGTTCTGGCGTACGGTGTGAAGAATTTTGCGCGTGATTTGGCGGCTGCCGGCGGTGCGGGCATGATTACCCCGGACCTGGTGCCTGATGAGGCGTCGTCGTGGTTTGAAGCTTCTGATGAGTACGGTCTGGACCGTATTTTCTTGGCTGCTCTGTCTTCTTCGCCGGAGCGTCTGGCGACTATTGCGAAGGCGTCGAGCGGCTTCGTGTACGCCGTGTCGGTGATGGGCGTGACCGGTGCCCGCACCTCCGTGTCGGAGGCGGCTCGCACCCTGGTTGCGGACATTAAGGCTGCCGGTGCGCCTCGTGCGTGCGTGGGTCTGGGCGTTTCGACTCGTGCCCACGTTGAGGAGATTGGCGAGTATGCGGACGGCGTGATTGTCGGTACTGCGCTAGTGAAGGCTTTGGCTTCTGGCGGTGTTGAGGCGGTGGCTAAGCTGACCCGTGAGCTGGCGGGGCGTGAAGGCTAA,MSYQDAISQAAPFTVLDGSFPAPNAQSPLAARLAECEKQGRAALIGYLPVGFPTLDESIDAAIALGNNGADIIELGVPYSDPVMDGPVIQKATGVALENGFKLPQLFEAVRRITEATDAVVVVMTYWNPVLAYGVKNFARDLAAAGGAGMITPDLVPDEASSWFEASDEYGLDRIFLAALSSSPERLATIAKASSGFVYAVSVMGVTGARTSVSEAARTLVADIKAAGAPRACVGLGVSTRAHVEEIGEYADGVIVGTALVKALASGGVEAVAKLTRELAGREG
10,T01144,Rothia mucilaginosa,RMDY18_08290,trpA,SRB-DeeplyCore,0.171,0.83,NE,ATGAGCTACCAGGACGCTATTTCTCAGGCGGCACCTTTTACGGTGCTGGATGGTTCTTTCCCCGCTCCGAATGCGCAGTCGCCTCTGGCGGCTCGTCTGGCTGAGTGCGAGAAGCAGGGCCGTGCGGCGCTGATTGGCTACCTGCCGGTGGGCTTCCCGACCCTGGACGAGTCGATTGACGCGGCGATTGCTCTGGGCAATAACGGCGCGGACATTATTGAGCTGGGCGTGCCTTATTCTGATCCGGTCATGGATGGCCCGGTGATTCAGAAGGCTACCGGCGTGGCGCTGGAGAACGGTTTCAAGCTTCCTCAGCTGTTTGAGGCGGTCCGCCGCATTACCGAGGCGACCGACGCGGTGGTTGTCGTGATGACGTACTGGAACCCGGTTCTGGCGTACGGTGTGAAGAATTTTGCGCGTGATTTGGCGGCTGCCGGCGGTGCGGGCATGATTACCCCGGACCTGGTGCCTGATGAGGCGTCGTCGTGGTTTGAAGCTTCTGATGAGTACGGTCTGGACCGTATTTTCTTGGCTGCTCTGTCTTCTTCGCCGGAGCGTCTGGCGACTATTGCGAAGGCGTCGAGCGGCTTCGTGTACGCCGTGTCGGTGATGGGCGTGACCGGTGCCCGCACCTCCGTGTCGGAGGCGGCTCGCACCCTGGTTGCGGACATTAAGGCTGCCGGTGCGCCTCGTGCGTGCGTGGGTCTGGGCGTTTCGACTCGTGCCCACGTTGAGGAGATTGGCGAGTATGCGGACGGCGTGATTGTCGGTACTGCGCTAGTGAAGGCTTTGGCTTCTGGCGGTGTTGAGGCGGTGGCTAAGCTGACCCGTGAGCTGGCGGGGCGTGAAGGCTAA,MSYQDAISQAAPFTVLDGSFPAPNAQSPLAARLAECEKQGRAALIGYLPVGFPTLDESIDAAIALGNNGADIIELGVPYSDPVMDGPVIQKATGVALENGFKLPQLFEAVRRITEATDAVVVVMTYWNPVLAYGVKNFARDLAAAGGAGMITPDLVPDEASSWFEASDEYGLDRIFLAALSSSPERLATIAKASSGFVYAVSVMGVTGARTSVSEAARTLVADIKAAGAPRACVGLGVSTRAHVEEIGEYADGVIVGTALVKALASGGVEAVAKLTRELAGREG
11,T01144,Rothia mucilaginosa,RMDY18_08290,trpA,SRB-SGSv0.1,0.424,0.573,NE,ATGAGCTACCAGGACGCTATTTCTCAGGCGGCACCTTTTACGGTGCTGGATGGTTCTTTCCCCGCTCCGAATGCGCAGTCGCCTCTGGCGGCTCGTCTGGCTGAGTGCGAGAAGCAGGGCCGTGCGGCGCTGATTGGCTACCTGCCGGTGGGCTTCCCGACCCTGGACGAGTCGATTGACGCGGCGATTGCTCTGGGCAATAACGGCGCGGACATTATTGAGCTGGGCGTGCCTTATTCTGATCCGGTCATGGATGGCCCGGTGATTCAGAAGGCTACCGGCGTGGCGCTGGAGAACGGTTTCAAGCTTCCTCAGCTGTTTGAGGCGGTCCGCCGCATTACCGAGGCGACCGACGCGGTGGTTGTCGTGATGACGTACTGGAACCCGGTTCTGGCGTACGGTGTGAAGAATTTTGCGCGTGATTTGGCGGCTGCCGGCGGTGCGGGCATGATTACCCCGGACCTGGTGCCTGATGAGGCGTCGTCGTGGTTTGAAGCTTCTGATGAGTACGGTCTGGACCGTATTTTCTTGGCTGCTCTGTCTTCTTCGCCGGAGCGTCTGGCGACTATTGCGAAGGCGTCGAGCGGCTTCGTGTACGCCGTGTCGGTGATGGGCGTGACCGGTGCCCGCACCTCCGTGTCGGAGGCGGCTCGCACCCTGGTTGCGGACATTAAGGCTGCCGGTGCGCCTCGTGCGTGCGTGGGTCTGGGCGTTTCGACTCGTGCCCACGTTGAGGAGATTGGCGAGTATGCGGACGGCGTGATTGTCGGTACTGCGCTAGTGAAGGCTTTGGCTTCTGGCGGTGTTGAGGCGGTGGCTAAGCTGACCCGTGAGCTGGCGGGGCGTGAAGGCTAA,MSYQDAISQAAPFTVLDGSFPAPNAQSPLAARLAECEKQGRAALIGYLPVGFPTLDESIDAAIALGNNGADIIELGVPYSDPVMDGPVIQKATGVALENGFKLPQLFEAVRRITEATDAVVVVMTYWNPVLAYGVKNFARDLAAAGGAGMITPDLVPDEASSWFEASDEYGLDRIFLAALSSSPERLATIAKASSGFVYAVSVMGVTGARTSVSEAARTLVADIKAAGAPRACVGLGVSTRAHVEEIGEYADGVIVGTALVKALASGGVEAVAKLTRELAGREG
12,T01144,Rothia mucilaginosa,RMDY18_08290,trpA,SRB-DeeplyHE,0.32,0.683,NE,ATGAGCTACCAGGACGCTATTTCTCAGGCGGCACCTTTTACGGTGCTGGATGGTTCTTTCCCCGCTCCGAATGCGCAGTCGCCTCTGGCGGCTCGTCTGGCTGAGTGCGAGAAGCAGGGCCGTGCGGCGCTGATTGGCTACCTGCCGGTGGGCTTCCCGACCCTGGACGAGTCGATTGACGCGGCGATTGCTCTGGGCAATAACGGCGCGGACATTATTGAGCTGGGCGTGCCTTATTCTGATCCGGTCATGGATGGCCCGGTGATTCAGAAGGCTACCGGCGTGGCGCTGGAGAACGGTTTCAAGCTTCCTCAGCTGTTTGAGGCGGTCCGCCGCATTACCGAGGCGACCGACGCGGTGGTTGTCGTGATGACGTACTGGAACCCGGTTCTGGCGTACGGTGTGAAGAATTTTGCGCGTGATTTGGCGGCTGCCGGCGGTGCGGGCATGATTACCCCGGACCTGGTGCCTGATGAGGCGTCGTCGTGGTTTGAAGCTTCTGATGAGTACGGTCTGGACCGTATTTTCTTGGCTGCTCTGTCTTCTTCGCCGGAGCGTCTGGCGACTATTGCGAAGGCGTCGAGCGGCTTCGTGTACGCCGTGTCGGTGATGGGCGTGACCGGTGCCCGCACCTCCGTGTCGGAGGCGGCTCGCACCCTGGTTGCGGACATTAAGGCTGCCGGTGCGCCTCGTGCGTGCGTGGGTCTGGGCGTTTCGACTCGTGCCCACGTTGAGGAGATTGGCGAGTATGCGGACGGCGTGATTGTCGGTACTGCGCTAGTGAAGGCTTTGGCTTCTGGCGGTGTTGAGGCGGTGGCTAAGCTGACCCGTGAGCTGGCGGGGCGTGAAGGCTAA,MSYQDAISQAAPFTVLDGSFPAPNAQSPLAARLAECEKQGRAALIGYLPVGFPTLDESIDAAIALGNNGADIIELGVPYSDPVMDGPVIQKATGVALENGFKLPQLFEAVRRITEATDAVVVVMTYWNPVLAYGVKNFARDLAAAGGAGMITPDLVPDEASSWFEASDEYGLDRIFLAALSSSPERLATIAKASSGFVYAVSVMGVTGARTSVSEAARTLVADIKAAGAPRACVGLGVSTRAHVEEIGEYADGVIVGTALVKALASGGVEAVAKLTRELAGREG
